file,MCD,XvecCos,ECAPACos,WER,logF0_RMSE,Deg_MCD,Deg_XvecCos,Deg_ECAPACos,Deg_WER,Deg_logF0_RMSE
F001_R1_E2_M2_AA.wav,20.045683724859423,0.9280718564987183,0.5299335718154907,3.0,0.13675627143689464,0.06407774159387672,0.9372239112854004,0.5250869393348694,3.0,0.00041150595171502346
F001_R1_E2_M2_AB.wav,20.254028081402613,0.9357209205627441,0.46764257550239563,1.0,0.14188057471089355,0.1841595055169892,0.9291386604309082,0.6055506467819214,0.0,0.20923942169808013
F001_R1_E2_M2_AC.wav,24.07954806682891,0.9404023289680481,0.3231887221336365,1.0,0.18115806706080526,0.6054676283205774,0.9434704780578613,0.5462149381637573,2.0,0.11105423791558698
F001_R1_E2_M2_AD.wav,20.366497778963552,0.916037917137146,0.43810102343559265,3.0,0.2719914301445469,0.04013833076976979,0.9279956221580505,0.63531893491745,0.0,0.00014971432184101481
F001_R1_E2_M2_AE.wav,20.719545620586388,0.9490242004394531,0.3933292627334595,2.0,0.17863269144656105,0.015119181654727594,0.9446992874145508,0.5652074217796326,2.0,0.0014218066138768364
F001_R1_E2_M2_AF.wav,21.058193634514705,0.9410127401351929,0.4500250518321991,0.0,0.2804254590040755,0.04357081777263743,0.9500479698181152,0.5280434489250183,0.6666666666666666,0.005631387219600131
F001_R1_E2_M2_AG.wav,22.31833540602299,0.9067639112472534,0.4692593514919281,1.0,0.23475950640996138,0.35334055825342997,0.9141167402267456,0.5455663800239563,1.0,0.05392931068058999
F001_R1_E2_M2_AH.wav,23.269074996925493,0.9376907348632812,0.3675002455711365,1.0,0.22109027355814576,0.14202549008686416,0.9469125866889954,0.5907958149909973,0.0,0.003861054225436619
F001_R1_E2_M2_AI.wav,20.797458733394095,0.9282665252685547,0.315163254737854,2.0,0.11635350700097269,0.13418971087850118,0.9302014112472534,0.6278588771820068,0.0,8.47476546550621e-05
F001_R1_E2_M2_AJ.wav,25.30020306667006,0.95452880859375,0.4914383888244629,0.0,0.20361506037455737,0.012068469835395713,0.9417688846588135,0.6326920986175537,0.0,0.08651481024971595
F001_R1_E2_M2_AK.wav,25.964426718089246,0.9380617141723633,0.3354668617248535,2.0,0.1938430847920118,0.062164844827430496,0.94082111120224,0.5525267124176025,0.0,8.001125529261867e-05
F001_R1_E2_M2_AL.wav,18.18941766713955,0.9366035461425781,0.46754026412963867,0.0,0.22079151551579382,0.04877697321399112,0.9341657757759094,0.500501811504364,0.0,0.0009169755224662785
F001_R1_E2_M2_AM.wav,20.354919605590464,0.9418877363204956,0.500800371170044,3.0,0.23102362083002304,0.4702979383600775,0.9403069615364075,0.6024712920188904,1.0,0.008774923929097879
F001_R1_E2_M2_AN.wav,17.652505029796792,0.9234600067138672,0.3895423412322998,0.0,0.1317037017210839,0.08920913050080663,0.9283014535903931,0.5803536176681519,0.0,0.00016970115530650834
F001_R1_E2_M2_AO.wav,23.387636640115016,0.9188071489334106,0.48195019364356995,1.0,0.24613330830752742,0.02296822666745709,0.9326196908950806,0.6374344825744629,0.5,0.0015105637404003256
F001_R1_E2_M2_AP.wav,23.28999006540231,0.9370540380477905,0.5191898345947266,1.0,0.14231805390339483,0.0509023709985451,0.9399308562278748,0.652511477470398,0.0,0.03220034075225953
F001_R1_E2_M2_AQ.wav,24.728454849773318,0.9418554306030273,0.5499930381774902,1.0,0.22598871179010144,0.17609347644596088,0.9346542358398438,0.5597701668739319,1.0,0.0016885401031953222
F001_R1_E2_M2_AR.wav,20.746004963096226,0.9394294023513794,0.5202845335006714,3.0,0.2848386616355293,0.3859059335904499,0.9320412874221802,0.555532693862915,0.0,0.15448068613784902
F001_R1_E2_M2_AS.wav,22.404680513641186,0.9213352799415588,0.3484730124473572,3.0,0.20471487061249935,0.09705020307047377,0.9308688640594482,0.5418341159820557,1.0,0.05871066718706014
F001_R1_E2_M2_AT.wav,22.040262623532918,0.9396317601203918,0.532989501953125,1.5,0.3110658966907569,0.12711500380800936,0.9309748411178589,0.5824089646339417,1.0,0.01572516619259127
F001_R1_E2_M2_AU.wav,20.560890459192667,0.9476315379142761,0.4365302324295044,2.0,0.2491875869463194,0.09379279211385044,0.94199538230896,0.5024763345718384,1.0,0.0011507003295223271
F001_R1_E2_M2_AV.wav,19.528106654011896,0.9384697675704956,0.4555291533470154,1.0,0.19701561432418196,0.21563023942070086,0.9334449768066406,0.5565508008003235,1.0,0.002896346135690746
F001_R1_E2_M2_AW.wav,16.957813582167187,0.9422752857208252,0.4934835433959961,1.0,0.19718557835728853,0.12785727889673426,0.9455621838569641,0.5495546460151672,1.0,0.007242591647461166
F001_R1_E2_M2_AX.wav,16.754456865043373,0.9402164220809937,0.47868025302886963,1.5,0.14181045310424603,0.17188958674872232,0.9290609955787659,0.5738518834114075,0.0,0.000438798251410594
F001_R1_E2_M2_AY.wav,23.8372412753419,0.9207124710083008,0.4667847156524658,1.0,0.12917445015934698,0.4169547097523632,0.9182668924331665,0.5942081212997437,1.0,0.001382493847121485
F001_R1_E2_M2_AZ.wav,20.510069752415557,0.9350916743278503,0.3859764337539673,1.0,0.17463303250411769,0.28558599370395427,0.9474951028823853,0.6989779472351074,0.0,0.0023316955422017496
F001_R1_E2_M2_BA.wav,21.011545270769993,0.9385416507720947,0.44938570261001587,1.0,0.28905564879396584,0.06588221227457385,0.9280545115470886,0.5959506034851074,0.0,0.00020760446048784766
F001_R1_E2_M2_BB.wav,18.27783437578497,0.9436438083648682,0.42447423934936523,1.0,0.1663533493790828,0.15929911882426026,0.9442501068115234,0.6434693336486816,1.0,9.855318522676608e-05
F001_R1_E2_M2_BC.wav,18.077339458923678,0.934860348701477,0.5304055213928223,1.0,0.07449341017231449,0.03259165999580576,0.9463975429534912,0.6784910559654236,1.0,0.09152392269545084
F001_R1_E2_M2_BD.wav,19.162863080270228,0.944957971572876,0.5331646800041199,1.0,0.15802329007462362,0.24626422968419867,0.9515444040298462,0.6953692436218262,1.0,0.00040219553365142816
F001_R1_E2_M2_BE.wav,21.59293238196248,0.9392251372337341,0.4531770944595337,1.0,0.1240176976448443,0.08803628822425837,0.935347318649292,0.6347834467887878,1.0,0.03460396637275834
F001_R1_E2_M2_BF.wav,17.27235061280028,0.9303139448165894,0.376103937625885,1.0,0.11048764962046193,0.02142757163182579,0.9327918291091919,0.6566891670227051,0.0,5.181363354508217e-05
F001_R1_E2_M2_BG.wav,16.737052162619882,0.9313308000564575,0.366039514541626,0.0,0.08301885356870195,0.04043181603920456,0.9415895342826843,0.5335734486579895,0.0,2.3260667506615883e-05
F001_R1_E2_M2_BH.wav,27.98162791280191,0.9299815893173218,0.34591013193130493,1.0,0.1596842634404209,0.08298435038455075,0.959038257598877,0.6097524762153625,1.0,0.00036733948785369744
F001_R1_E2_M2_BI.wav,17.87635435930973,0.9420995712280273,0.5162859559059143,0.0,0.2212740996303435,0.027017630971957588,0.9447331428527832,0.6773676872253418,0.0,0.002984343870029424
F001_R1_E2_M2_BJ.wav,19.98754854794477,0.9386426210403442,0.5328630805015564,1.0,0.24354024087200035,0.09081150970900446,0.9492546916007996,0.6050617694854736,0.0,1.1397851879407123e-05
F001_R1_E2_M2_BK.wav,17.45301094531353,0.9308263063430786,0.2904122471809387,1.0,0.11952653820318428,0.4957111279066877,0.9189378023147583,0.519402265548706,1.0,0.0017070661488374614
F001_R1_E2_M2_BL.wav,17.242175158666253,0.9336600303649902,0.4617328643798828,1.0,0.22137079678849783,0.17900158397426874,0.9367460012435913,0.6640963554382324,1.0,0.056844927239134424
F001_R1_E2_M2_BM.wav,22.557134046838335,0.9457173347473145,0.32982850074768066,0.0,0.1924384014267921,0.1582693519800975,0.9486367702484131,0.665364146232605,0.0,0.034225586241991936
F001_R1_E2_M2_BN.wav,22.02151353836854,0.9314538836479187,0.48801201581954956,1.0,0.1312375630209271,0.17046207270322392,0.9321979284286499,0.6033576726913452,1.0,6.262779024602466e-05
F001_R1_E2_M2_BO.wav,18.968229487661276,0.937153697013855,0.4445403218269348,1.0,0.22042664353793537,0.6149426626882591,0.9452841877937317,0.6545954942703247,1.0,0.0014587779628505756
F001_R1_E2_M2_BP.wav,19.793569201322608,0.9326590299606323,0.3181590437889099,1.0,0.12986010284614646,0.01979803272141199,0.9283774495124817,0.5815097093582153,1.0,1.3748000525872141e-05
F001_R1_E2_M2_BQ.wav,17.983150162432132,0.9271098971366882,0.4035893678665161,1.0,0.22433100352769386,0.4181142680437611,0.9264036417007446,0.589631199836731,1.0,6.302549735409914e-05
F001_R1_E2_M2_BR.wav,20.919703721236854,0.9216262102127075,0.44046884775161743,0.0,0.10144003561031205,0.12284539144487559,0.9314106106758118,0.5567501187324524,0.0,4.134015074263366e-05
F001_R1_E2_M2_BS.wav,16.41065998294077,0.9378471374511719,0.5408380031585693,0.0,0.2763821032237248,0.2341962025557794,0.9284560680389404,0.58702152967453,0.0,4.7185885629679784e-05
F001_R1_E2_M2_BT.wav,22.57437866193668,0.9367254972457886,0.4201670289039612,1.0,0.15785800064913336,0.12495415722895124,0.9324637651443481,0.6149312853813171,0.0,0.0015763110872744472
F001_R1_E2_M2_BU.wav,22.97081876830342,0.947262167930603,0.3852493166923523,1.0,0.18531989382498712,0.20514180704388707,0.9465847015380859,0.6379600763320923,1.0,0.0014462948622157021
F001_R1_E2_M2_BV.wav,21.829221989226237,0.9421343207359314,0.4984431266784668,1.0,0.19319277998446954,0.6150721921920436,0.934109091758728,0.5838586091995239,1.0,0.00016780692285805717
F001_R1_E2_M2_BW.wav,18.661657485043026,0.9443787336349487,0.4739927351474762,0.0,0.21438809772173734,0.07114422480420722,0.9389721155166626,0.594277560710907,0.0,0.19805087382292277
F001_R1_E2_M2_BX.wav,17.975079366355015,0.9467305541038513,0.6400221586227417,0.0,0.22096993102449355,0.032882858274719755,0.9349051713943481,0.7722373604774475,0.0,0.005181037824273443
F002_R1_E2_M2_AA.wav,19.251547761592366,0.9343655705451965,0.5230040550231934,1.0,0.3132446773373285,0.36705491377359295,0.9452847242355347,0.7459349632263184,0.0,0.0002042006987853174
F002_R1_E2_M2_AB.wav,19.396893732358564,0.9508187770843506,0.6498696208000183,1.0,0.30741620514187584,0.4735592373787691,0.9452626705169678,0.7034425735473633,1.0,0.0013250940803583198
F002_R1_E2_M2_AC.wav,23.35714333417051,0.935376763343811,0.5238500833511353,2.0,0.2552644737039053,0.9346742102347274,0.9487729072570801,0.7089507579803467,1.0,0.0002625459301632983
F002_R1_E2_M2_AD.wav,19.314279310892395,0.9485169053077698,0.6007651686668396,1.0,0.19710788016557027,0.15213516475674727,0.9502593874931335,0.7055756449699402,1.0,0.0016332713864142473
F002_R1_E2_M2_AE.wav,18.685493203914184,0.9477989673614502,0.5221128463745117,0.0,0.2456457003094662,0.0983452989008551,0.9399216175079346,0.6035159826278687,0.0,1.3213427392157093e-05
F002_R1_E2_M2_AF.wav,18.399628113965086,0.9509390592575073,0.5410469174385071,3.0,0.28330933869461,0.20661615979849815,0.9547829627990723,0.7207950353622437,0.0,0.007329097048094296
F002_R1_E2_M2_AG.wav,23.37707128224959,0.9306460618972778,0.5600106716156006,1.0,0.22486132911475223,0.8774737385111961,0.9268575310707092,0.650867223739624,1.0,0.00010646717228662462
F002_R1_E2_M2_AH.wav,21.326953368382995,0.9489637613296509,0.56596440076828,1.0,0.2459729989314635,0.29652792994926314,0.9500889778137207,0.6229726076126099,1.0,0.0010342015255146773
F002_R1_E2_M2_AI.wav,19.22973648952916,0.945189356803894,0.5464298129081726,1.0,0.18534487158834992,0.2660664382414302,0.9477384090423584,0.6858540773391724,1.0,0.00037156581814561644
F002_R1_E2_M2_AJ.wav,23.148996333778467,0.9423385858535767,0.4989670515060425,0.0,0.14086416222868933,0.04376758009083755,0.9525178670883179,0.6812320947647095,0.0,0.002866853721002515
F002_R1_E2_M2_AK.wav,22.971498009266217,0.9450585246086121,0.5905557870864868,1.0,0.2503232832125999,0.4912844717383936,0.9493687152862549,0.6436161398887634,0.0,0.10988391329059047
F002_R1_E2_M2_AL.wav,16.757870725019423,0.9488012194633484,0.6272958517074585,0.0,0.09079091935679587,0.12172947078881446,0.9571743011474609,0.7716692686080933,0.0,0.0004628368268767898
F002_R1_E2_M2_AM.wav,20.7554163013917,0.9485659599304199,0.5030187964439392,1.0,0.26503660996674544,1.4660113679390245,0.9344696402549744,0.7007755041122437,1.0,0.010889527473865958
F002_R1_E2_M2_AN.wav,19.407557115570434,0.9501792192459106,0.6214407086372375,2.0,0.17726549976603065,0.2121572217553963,0.948952317237854,0.6173903346061707,0.0,0.0022634356761842803
F002_R1_E2_M2_AO.wav,22.292813841430426,0.9438560605049133,0.5917125344276428,3.0,0.14115495745513051,0.1487506984239525,0.943503737449646,0.6813192963600159,2.0,0.0007637311165503392
F002_R1_E2_M2_AP.wav,22.114779529139263,0.9466918706893921,0.6070606708526611,0.0,0.17576986175143833,0.17803896865557747,0.9472754001617432,0.6561633348464966,0.0,0.00040391884414930104
F002_R1_E2_M2_AQ.wav,24.624891899419776,0.9457555413246155,0.5210615396499634,1.0,0.27876551103162805,0.5150938377349332,0.937283456325531,0.5984413623809814,1.0,0.00025783425231192355
F002_R1_E2_M2_AR.wav,22.18005213152868,0.9544891119003296,0.6332530975341797,1.0,0.07437954085982029,0.6715849523321963,0.9403531551361084,0.6217563152313232,1.0,8.9078154563152e-05
F002_R1_E2_M2_AS.wav,18.98130309291009,0.9439598321914673,0.5493013262748718,1.0,0.16316087517676062,0.42050879797089163,0.9408755898475647,0.6024751663208008,0.0,0.0008850357336426994
F002_R1_E2_M2_AT.wav,20.51029491096809,0.9388876557350159,0.4754444658756256,0.3333333333333333,0.14348896764768387,0.09217678105565101,0.9536784887313843,0.6132279634475708,0.0,0.12323980157479283
F002_R1_E2_M2_AU.wav,20.205790514384322,0.9506535530090332,0.5263960361480713,1.0,0.20782267455247672,0.2276379661095626,0.961151659488678,0.6359037160873413,1.0,6.898100110071259e-05
F002_R1_E2_M2_AV.wav,21.889826745580322,0.9528124332427979,0.6182723641395569,1.0,0.149689296735956,0.40498262749790326,0.9527268409729004,0.7128307819366455,1.0,0.07679569936577642
F002_R1_E2_M2_AW.wav,16.94884601167037,0.9503353834152222,0.4861176311969757,1.0,0.17841148643696272,0.4749348670385687,0.9486066699028015,0.6382325291633606,1.0,0.004308583855569579
F002_R1_E2_M2_AX.wav,16.697602958986778,0.9500472545623779,0.6184257864952087,0.0,0.16864956829416708,0.4918412117974835,0.9585846662521362,0.631709098815918,0.3333333333333333,0.0005692664357325122
F002_R1_E2_M2_AY.wav,24.303528143654,0.9361111521720886,0.5205984115600586,1.0,0.170756902700188,1.1185918431270776,0.9394734501838684,0.6684483289718628,1.0,0.0008597303837349089
F002_R1_E2_M2_AZ.wav,17.78863430345702,0.9484708309173584,0.532792866230011,1.0,0.2235139648045274,0.13341120850408955,0.9549110531806946,0.7728893756866455,1.0,0.00010601105653081527
F002_R1_E2_M2_BA.wav,22.029812403556164,0.94013512134552,0.551006019115448,1.0,0.11230230359069601,0.11512135490777112,0.9517248868942261,0.7668960094451904,0.0,0.00017893876010042858
F002_R1_E2_M2_BB.wav,19.66962609455761,0.9356881976127625,0.378512442111969,1.0,0.08614537065443799,0.44519728647162926,0.94696044921875,0.660819411277771,0.0,0.0018382885079567728
F002_R1_E2_M2_BC.wav,18.526938127353354,0.9462445974349976,0.46689116954803467,1.0,0.2325645393717265,0.053759480027802294,0.9614220857620239,0.702519416809082,0.0,1.4459093679670424e-05
F002_R1_E2_M2_BD.wav,18.97415211441296,0.9453819394111633,0.5451312065124512,0.0,0.09655567489810109,0.8098728864969847,0.9401116371154785,0.6372184157371521,1.0,0.0009272248447003313
F002_R1_E2_M2_BE.wav,21.925943079956802,0.9512366056442261,0.563334584236145,1.0,0.24952854020988535,0.07026864231193243,0.95782470703125,0.7366119623184204,1.0,0.20750984372108003
F002_R1_E2_M2_BF.wav,19.114347763156456,0.9545985460281372,0.6053019762039185,1.0,0.12705099212944687,0.08623120432250668,0.9532323479652405,0.7249428033828735,0.0,0.0002225298720777674
F002_R1_E2_M2_BG.wav,16.58446428406324,0.9520757794380188,0.6956923604011536,0.0,0.14029248415863668,0.0840498659150161,0.958602249622345,0.7803851962089539,0.0,0.0009919910649762137
F002_R1_E2_M2_BH.wav,28.284729865442145,0.9320777654647827,0.5349231958389282,1.0,0.19066561071929314,0.24583596356212054,0.9445394277572632,0.6839100122451782,1.0,0.007089263546247819
F002_R1_E2_M2_BI.wav,18.196702592339104,0.9577065706253052,0.6020697355270386,1.0,0.15141072501503736,0.07047857212967483,0.9547234177589417,0.7503031492233276,0.0,0.00013820036377335478
F002_R1_E2_M2_BJ.wav,20.086335581829616,0.9436728954315186,0.5332330465316772,1.0,0.15721633346469352,0.025528258477369545,0.9482914209365845,0.6894938945770264,0.0,3.5327163309262945e-05
F002_R1_E2_M2_BK.wav,18.145042678097358,0.9530046582221985,0.607289731502533,1.0,0.10643246268609365,0.7429892995368226,0.9408833980560303,0.6747452616691589,1.0,0.00023696136019066792
F002_R1_E2_M2_BL.wav,17.461550883448535,0.9389625191688538,0.5641453266143799,1.0,0.10575628487880087,0.2787139263579037,0.9498640298843384,0.6942007541656494,0.0,0.00039894310965260884
F002_R1_E2_M2_BM.wav,24.28320500589656,0.933495283126831,0.4034004211425781,1.0,0.17031603812527035,0.620834178261476,0.9522784352302551,0.6731194853782654,0.0,0.00010295316185689532
F002_R1_E2_M2_BN.wav,22.573060970215963,0.9290341138839722,0.48706868290901184,1.0,0.16253535400068628,0.6658816204399742,0.926011323928833,0.5832632780075073,1.0,0.0037068086235452283
F002_R1_E2_M2_BO.wav,22.21744587144247,0.947833240032196,0.4905199408531189,1.0,0.2338048268544756,1.2232484869335665,0.9546994566917419,0.6786175966262817,1.0,0.0004437029304961375
F002_R1_E2_M2_BP.wav,22.27632449385536,0.9570295810699463,0.6277283430099487,1.0,0.06310700022544183,0.041998843178386286,0.9624452590942383,0.6958075761795044,1.0,7.2316357669677e-05
F002_R1_E2_M2_BQ.wav,22.07554779891062,0.9429876804351807,0.425941526889801,1.0,0.1600191830405237,1.7390411836362645,0.921051025390625,0.591927170753479,1.0,7.449622847909705e-05
F002_R1_E2_M2_BR.wav,22.69113777972643,0.9417629241943359,0.4775984585285187,1.0,0.1461911660291285,0.23175653488962608,0.9264402389526367,0.5999506711959839,0.0,0.002969556897780661
F002_R1_E2_M2_BS.wav,18.2748791652979,0.9501013159751892,0.6061676740646362,1.0,0.07273586743842911,0.8231916546329556,0.9310010671615601,0.6209031343460083,1.0,0.019566900067189624
F002_R1_E2_M2_BT.wav,20.75158440006457,0.9303117990493774,0.402231901884079,0.0,0.10556833083586431,0.4064020561032563,0.9460827112197876,0.6569631099700928,0.0,0.004064368673109454
F002_R1_E2_M2_BU.wav,23.099707075665307,0.9436477422714233,0.5501313805580139,1.0,0.25464095833302336,1.0248291861527425,0.934697151184082,0.6612657308578491,0.0,0.0926402754609087
F002_R1_E2_M2_BV.wav,21.27771845569851,0.9502254724502563,0.5607256293296814,1.0,0.1412596722778465,0.7665328122791525,0.949219822883606,0.5585942268371582,1.0,0.0017784893787377526
F002_R1_E2_M2_BW.wav,19.255971833670003,0.9587371349334717,0.6450453996658325,0.0,0.1577450491134016,0.07209597548996528,0.9552814960479736,0.7639397978782654,0.0,0.0015472775618223253
F002_R1_E2_M2_BX.wav,19.000357892679247,0.955795407295227,0.6122816801071167,0.0,0.12546977723449215,0.07972564668958693,0.9572701454162598,0.7470512390136719,0.0,0.006347889167402193
F003_R1_E2_M2_AA.wav,20.67421831568531,0.9145679473876953,0.370930016040802,0.0,0.12736793061933657,0.14351285779432915,0.9422857165336609,0.6018072366714478,0.0,0.00016320198145222762
F003_R1_E2_M2_AB.wav,21.216023607460244,0.9284877181053162,0.3845893144607544,1.0,0.20041979950212926,0.1957270720677638,0.9457826614379883,0.6966660022735596,1.0,0.06759124701736095
F003_R1_E2_M2_AC.wav,22.894743103529876,0.9520727396011353,0.45920634269714355,1.0,0.3342204263535123,0.5968297310662164,0.9639355540275574,0.6448332071304321,0.0,0.02281011644973265
F003_R1_E2_M2_AD.wav,21.434720753232426,0.9273098707199097,0.3373980224132538,1.0,0.22671726911211942,0.036969272909976154,0.9409009218215942,0.6557735204696655,1.0,0.0006173416617243814
F003_R1_E2_M2_AE.wav,20.075642680812557,0.9430803656578064,0.30572229623794556,1.0,0.1142273344983963,0.010257815799913615,0.9584695100784302,0.7049378752708435,1.0,0.016492527027061415
F003_R1_E2_M2_AF.wav,22.33463234377926,0.9224485158920288,0.4449502229690552,1.0,0.2285328039579122,0.08819861175770045,0.9507972002029419,0.6446251273155212,3.0,0.024254759515967405
F003_R1_E2_M2_AG.wav,23.699071566231385,0.9207476377487183,0.3219168484210968,0.6666666666666666,0.31513264372811894,0.4320516183404244,0.9452579021453857,0.6235418915748596,0.0,0.2545078367406688
F003_R1_E2_M2_AH.wav,22.72184812303552,0.9454683661460876,0.40818190574645996,1.0,0.22653480725079822,0.5089069261442649,0.9613074660301208,0.6204938888549805,1.0,0.05528208678705617
F003_R1_E2_M2_AI.wav,20.24920338802684,0.9328997731208801,0.2976372241973877,2.0,0.14016830949187964,0.21857574504006894,0.9442068338394165,0.6665881872177124,2.0,7.139599572213134e-05
F003_R1_E2_M2_AJ.wav,27.442991377841235,0.9406763315200806,0.402752161026001,1.0,0.29358096336294176,0.012085989146136691,0.9646608829498291,0.7083755135536194,1.0,0.000971700144862197
F003_R1_E2_M2_AK.wav,23.786388357807933,0.9329959154129028,0.407900869846344,2.0,0.2007219914022645,0.33882475031895976,0.9544663429260254,0.6113207936286926,0.0,0.06704119069809321
F003_R1_E2_M2_AL.wav,18.52377123994511,0.9374675750732422,0.34607499837875366,0.0,0.13695285436549381,0.0818828946550799,0.9534598588943481,0.7016209363937378,0.0,0.007898801717191409
F003_R1_E2_M2_AM.wav,22.972827818986012,0.9325684905052185,0.4602642357349396,1.0,0.19376093886925966,0.8888800151152024,0.9438973665237427,0.6619732975959778,1.0,7.758444820097741e-05
F003_R1_E2_M2_AN.wav,18.10046866373688,0.9438201189041138,0.4032854437828064,1.0,0.09290398845847463,0.15067972824866768,0.9548625946044922,0.6236848831176758,0.0,0.006014968657416966
F003_R1_E2_M2_AO.wav,25.130778897297272,0.9218943119049072,0.29275602102279663,0.5,0.0989707106719929,0.09575521810781348,0.9403419494628906,0.5475050806999207,1.0,0.016605465311943277
F003_R1_E2_M2_AP.wav,22.885614176321322,0.9253613948822021,0.46680116653442383,1.0,0.23168385858746984,0.10852646105691242,0.9497897624969482,0.677253007888794,0.0,0.004385915633852581
F003_R1_E2_M2_AQ.wav,27.249723523970065,0.9308667182922363,0.32076844573020935,1.0,0.2153949584113317,0.44978901700722757,0.9505178928375244,0.5606263279914856,0.0,0.11283048302355188
F003_R1_E2_M2_AR.wav,20.77360770559809,0.9224202036857605,0.28493884205818176,1.0,0.2399584333005348,0.17769195695551362,0.9462625980377197,0.6531648635864258,1.0,0.0025795011220744396
F003_R1_E2_M2_AS.wav,22.326406232373657,0.9272981882095337,0.36287158727645874,3.0,0.19999288517600808,0.22014824235275327,0.9532574415206909,0.6638346910476685,1.0,0.127351694547318
F003_R1_E2_M2_AT.wav,22.78478315576724,0.9176965951919556,0.40161943435668945,0.0,0.34475401266909267,0.04257449743180653,0.9388450980186462,0.567344605922699,0.0,0.06202269413106238
F003_R1_E2_M2_AU.wav,20.730743763957978,0.9416744709014893,0.3784324824810028,1.0,0.2574254261585471,0.2163019661095857,0.9592506885528564,0.556510865688324,1.0,0.000446568696958943
F003_R1_E2_M2_AV.wav,22.743478021295637,0.937416136264801,0.5409640073776245,1.0,0.22241325698385467,0.4101788095421139,0.9545673727989197,0.7008804678916931,0.0,0.08646446317510156
F003_R1_E2_M2_AW.wav,17.739339909208816,0.9358144998550415,0.41382038593292236,1.0,0.16262805556092597,0.34166329798802436,0.9437705874443054,0.6049057245254517,1.0,0.03432925594135019
F003_R1_E2_M2_AX.wav,17.759499441070346,0.9369376301765442,0.3152605891227722,1.0,0.10952341624653121,0.211631873831227,0.9643338918685913,0.6750466227531433,0.0,9.408083810236022e-05
F003_R1_E2_M2_AY.wav,25.727178073269933,0.9255105257034302,0.30610811710357666,1.0,0.14896710137744545,0.5884952497537507,0.9476383924484253,0.5675129890441895,1.0,0.0005765800267612353
F003_R1_E2_M2_AZ.wav,19.470766584667427,0.9326341152191162,0.31812626123428345,0.0,0.1681283588060046,0.1945968981184691,0.9553883075714111,0.7275943756103516,0.0,0.009422654810799303
F003_R1_E2_M2_BA.wav,22.48363129647967,0.9333860278129578,0.3997661769390106,1.0,0.2609036948753902,0.19671484674395207,0.9474558234214783,0.547477662563324,0.0,0.10419308458880411
F003_R1_E2_M2_BB.wav,20.384189589960716,0.9305286407470703,0.39346829056739807,1.0,0.17924269189992306,0.1637322688471025,0.9649651050567627,0.7610890865325928,1.0,0.02367948472417064
F003_R1_E2_M2_BC.wav,20.094116147376834,0.9199810028076172,0.4168848991394043,1.0,0.1227214246841983,0.09260338351930365,0.9512814879417419,0.703490138053894,0.0,0.027095359458710208
F003_R1_E2_M2_BD.wav,19.252659112798487,0.942517876625061,0.39842894673347473,1.0,0.20010467252332417,0.4286398966644154,0.9576386213302612,0.6504509449005127,1.0,0.05603018359154756
F003_R1_E2_M2_BE.wav,22.29951658325759,0.9541740417480469,0.42540812492370605,2.0,0.178544061678633,0.057088073018016675,0.9660495519638062,0.7548546195030212,0.0,0.0034466646969373207
F003_R1_E2_M2_BF.wav,20.22841878529311,0.9210261106491089,0.4149869978427887,1.0,0.12503304427006354,0.09556607103571464,0.9552443027496338,0.7469269037246704,0.0,0.007913288628089968
F003_R1_E2_M2_BG.wav,20.548223456121807,0.9316674470901489,0.39412933588027954,0.0,0.13113175687158896,0.13691474180012134,0.9638516306877136,0.6665340662002563,0.0,0.009445311137518304
F003_R1_E2_M2_BH.wav,29.631273433980148,0.9506020545959473,0.390205979347229,0.0,0.15350715508861498,0.11751758163998194,0.9599281549453735,0.7451395988464355,0.0,0.0771925545024803
F003_R1_E2_M2_BI.wav,19.391214941339058,0.9257632493972778,0.3677499294281006,0.0,0.16841596574465167,0.04952614111212565,0.9524435997009277,0.7133225202560425,1.0,0.017045956007922018
F003_R1_E2_M2_BJ.wav,21.579620659206135,0.9197012186050415,0.37272584438323975,1.0,0.2287847434836123,0.27829364146962615,0.9496169090270996,0.6221835613250732,1.0,0.015178706660602559
F003_R1_E2_M2_BK.wav,17.650713108767686,0.918601393699646,0.43829870223999023,0.0,0.09958251183846151,0.17615403236866473,0.947264552116394,0.6409834623336792,0.0,0.012696393712239752
F003_R1_E2_M2_BL.wav,20.095271690091717,0.9496986269950867,0.43720245361328125,0.0,0.1393343515389507,0.187656672816172,0.955211877822876,0.684876024723053,0.0,0.1338599610502839
F003_R1_E2_M2_BM.wav,22.703233698910257,0.9374511241912842,0.3795303404331207,1.0,0.22927668633737844,0.22123415267741994,0.9656537771224976,0.6658003330230713,0.0,0.19089078866160525
F003_R1_E2_M2_BN.wav,24.08159229330892,0.9308837652206421,0.3631832003593445,0.0,0.2781528731856019,0.1353732647029154,0.9397298693656921,0.6045708656311035,0.0,1.5771013286475688e-05
F003_R1_E2_M2_BO.wav,19.423410350453846,0.9277308583259583,0.31589382886886597,1.0,0.09440751947369726,0.6028554719946382,0.9545468688011169,0.7000421285629272,0.0,0.0002328013634385095
F003_R1_E2_M2_BP.wav,23.383219384676437,0.9324488639831543,0.33512216806411743,1.0,0.136056858511835,0.029459604523771468,0.9610991477966309,0.6608022451400757,1.0,0.007209482452016772
F003_R1_E2_M2_BQ.wav,21.99592116541264,0.9140239953994751,0.3738510310649872,1.0,0.21292301222143,0.7259359412335062,0.9490333795547485,0.6495819091796875,1.0,0.00043980624768844137
F003_R1_E2_M2_BR.wav,22.250953646042422,0.947584867477417,0.5569705963134766,1.0,0.2633619307257422,0.356034037349296,0.9660145044326782,0.672603964805603,1.0,0.1757421063475619
F003_R1_E2_M2_BS.wav,19.976852350433973,0.9443285465240479,0.47560980916023254,1.0,0.22087012286627883,0.12448205883337635,0.9533634185791016,0.6869678497314453,0.0,0.0011824109624167343
F003_R1_E2_M2_BT.wav,23.409095945109613,0.9486590623855591,0.37439411878585815,1.0,0.13467913140997217,0.19811102618229232,0.9659523963928223,0.7216142416000366,0.0,0.04729475840873676
F003_R1_E2_M2_BU.wav,23.70476252252515,0.9455734491348267,0.42878440022468567,1.0,0.18227177761474933,0.5825023040671076,0.9436490535736084,0.6616780161857605,0.0,7.793997320832694e-05
F003_R1_E2_M2_BV.wav,23.50768117773964,0.9351969957351685,0.3496122360229492,1.0,0.22967870357095582,0.5902374306588845,0.9491101503372192,0.5889304876327515,1.0,0.1214033766317412
F003_R1_E2_M2_BW.wav,21.473392208760174,0.9375606179237366,0.36892640590667725,1.0,0.2837919079114968,0.07825253532526488,0.9574809670448303,0.6921928524971008,0.0,0.1204690535023168
F003_R1_E2_M2_BX.wav,19.738510307159547,0.9227538704872131,0.3589368164539337,0.0,0.24892950684710566,0.02325177599158452,0.9466272592544556,0.6276571750640869,0.0,0.00040682821290026
M001_R1_E2_M2_AA.wav,21.61511202764949,0.9249479174613953,0.624309241771698,0.0,0.25997643913249197,0.22843717270187594,0.940866231918335,0.8016669750213623,0.0,1.0426001955351464e-05
M001_R1_E2_M2_AB.wav,21.61481609140265,0.921917200088501,0.6643282771110535,1.0,0.20298533617872727,0.14183757867873945,0.9370540976524353,0.7731577754020691,1.0,0.000962184991632966
M001_R1_E2_M2_AC.wav,25.56790347399572,0.9180645942687988,0.49687549471855164,2.0,0.23648204775465043,0.3910810438827308,0.931609034538269,0.6866481900215149,0.0,0.0006049385746237323
M001_R1_E2_M2_AD.wav,24.351115492013587,0.9265044331550598,0.6098987460136414,2.0,0.17751962512545255,0.049153867812557955,0.926681637763977,0.6784213781356812,9.0,0.00014479470086404167
M001_R1_E2_M2_AE.wav,23.44128925827977,0.9133893251419067,0.6701095104217529,1.0,0.2011848307644045,0.02740565312818249,0.9449127912521362,0.8228404521942139,0.5,0.0009668833390556436
M001_R1_E2_M2_AF.wav,22.804759114574267,0.9336332082748413,0.7082104086875916,1.0,0.245493690113049,0.02644197562242415,0.9428106546401978,0.8384137153625488,2.0,0.004179204961084439
M001_R1_E2_M2_AG.wav,25.734166554336095,0.9232569336891174,0.5995734333992004,0.0,0.1427585906308128,0.24469938934865154,0.9181275367736816,0.5881822109222412,1.0,3.632550728249962e-05
M001_R1_E2_M2_AH.wav,26.277875953310946,0.9271396398544312,0.6063655614852905,1.0,0.21691144678635324,0.14930198222472507,0.9347046613693237,0.7030811309814453,0.0,1.4615206040139199e-05
M001_R1_E2_M2_AI.wav,26.193376855981487,0.9369848370552063,0.6796432733535767,1.0,0.13759324051308708,0.06161909982334812,0.9356485605239868,0.7130695581436157,0.0,0.013579193146877418
M001_R1_E2_M2_AJ.wav,28.53114377206777,0.9369620084762573,0.6236358880996704,1.0,0.1713949354487868,0.01397437591484954,0.9524954557418823,0.7574567794799805,1.0,7.989633011801655e-05
M001_R1_E2_M2_AK.wav,26.722471323785676,0.915977954864502,0.5549435615539551,2.0,0.20958301795932682,0.15621193537236722,0.9354079961776733,0.700499415397644,1.0,0.004590105637696003
M001_R1_E2_M2_AL.wav,23.69437927599002,0.9338825941085815,0.6522574424743652,3.0,0.28679779075472944,0.028940764299020417,0.9254629015922546,0.8000291585922241,1.0,0.00018117011021684582
M001_R1_E2_M2_AM.wav,24.400093104017248,0.9205745458602905,0.6049064993858337,3.0,0.3491466014609121,0.19765709131559683,0.9102039933204651,0.6798775792121887,1.0,0.002878650101816621
M001_R1_E2_M2_AN.wav,25.936911702182346,0.9407504796981812,0.6612389087677002,0.5,0.18703838475868081,0.031816647458177846,0.9337227940559387,0.7238832116127014,0.5,0.0033577355421444506
M001_R1_E2_M2_AO.wav,30.030443893022657,0.932201087474823,0.6228810548782349,3.0,0.4208073025813159,0.03780615528871724,0.9241604804992676,0.7051597237586975,4.0,0.000928776569956713
M001_R1_E2_M2_AP.wav,25.541148868073847,0.942899763584137,0.6017903685569763,1.0,0.1374313034052033,0.01753712809481921,0.9509526491165161,0.7208302021026611,1.0,0.005665610169242359
M001_R1_E2_M2_AQ.wav,27.43088204629858,0.9106775522232056,0.6362436413764954,2.0,0.19229868032908545,0.11746257180376334,0.9176441431045532,0.588651716709137,1.0,0.0033434967996671654
M001_R1_E2_M2_AR.wav,25.817937119226258,0.9171297550201416,0.6068384647369385,0.0,0.2314191282348036,0.1821824727141226,0.9263113737106323,0.6330209374427795,1.0,0.00011055263613092873
M001_R1_E2_M2_AS.wav,26.88080241416353,0.9344138503074646,0.5900587439537048,3.0,0.30605329463421577,0.11510704077791549,0.9301552772521973,0.7221401929855347,9.0,0.07090067802924503
M001_R1_E2_M2_AT.wav,23.924564716511064,0.9363843202590942,0.5704483985900879,1.0,0.2126596480478468,0.03231548907146109,0.9163843393325806,0.7248181104660034,0.0,0.004614481590140702
M001_R1_E2_M2_AU.wav,25.67712377741792,0.9351608753204346,0.5726072192192078,2.0,0.21092003270822496,0.050525456859651985,0.9371413588523865,0.7010072469711304,0.0,1.843771417588997e-05
M001_R1_E2_M2_AV.wav,26.155726318185025,0.9315758943557739,0.5300301313400269,1.0,0.2141656490162132,0.0987573631225908,0.9309307932853699,0.7661082148551941,0.0,0.0022752806720062117
M001_R1_E2_M2_AW.wav,22.48218761874666,0.9413434267044067,0.6239539980888367,1.0,0.17220390882021616,0.08424520948433878,0.9302662014961243,0.7347128391265869,1.0,0.000977899079817114
M001_R1_E2_M2_AX.wav,21.96672044212016,0.9351931214332581,0.5656586289405823,0.3333333333333333,0.1630931657175953,0.08139741565497641,0.9460050463676453,0.7392888069152832,0.3333333333333333,0.0013374334703552598
M001_R1_E2_M2_AY.wav,27.705546366656446,0.9287583827972412,0.4478709399700165,1.0,0.13957128080911052,0.3408072055998614,0.9157981872558594,0.5805991888046265,1.0,0.0019893158233114084
M001_R1_E2_M2_AZ.wav,24.31197971194077,0.9320986866950989,0.6432690620422363,1.0,0.17464322849569353,0.024499224514679795,0.9513571262359619,0.8206009864807129,1.0,0.0003334701722843543
M001_R1_E2_M2_BA.wav,25.4374753152777,0.9230244755744934,0.5034810900688171,1.0,0.1551152733302788,0.039373739102056354,0.9240851998329163,0.6514426469802856,1.0,0.0001998247176080118
M001_R1_E2_M2_BB.wav,22.662653619066873,0.9300969839096069,0.529301643371582,1.0,0.16813200075769644,0.012424399774335777,0.9424644708633423,0.7492284774780273,1.0,0.0010436946149328542
M001_R1_E2_M2_BC.wav,26.66530305782834,0.9252446293830872,0.5448228120803833,1.0,0.2149562989919943,0.033006938585308745,0.9388298988342285,0.7407152652740479,1.0,0.0029783575974149114
M001_R1_E2_M2_BD.wav,21.629190077252424,0.9124859571456909,0.6458364725112915,1.0,0.15045489938604706,0.12636442405772072,0.927618682384491,0.7189651727676392,1.0,4.442286011526529e-05
M001_R1_E2_M2_BE.wav,26.78949861700989,0.9052326679229736,0.6470253467559814,1.0,0.3524729872347942,0.02218088042242314,0.9344663619995117,0.732046365737915,0.0,0.0008399880891657225
M001_R1_E2_M2_BF.wav,23.29524772839581,0.9226507544517517,0.520893931388855,0.0,0.23051104788565446,0.02305383819012819,0.9466648101806641,0.7453728914260864,5.0,2.2965748976556076e-05
M001_R1_E2_M2_BG.wav,22.12428727509715,0.9406377077102661,0.625832200050354,1.0,0.1776745372148687,0.03752547034127959,0.948073148727417,0.7649073004722595,0.0,0.0008058679536046332
M001_R1_E2_M2_BH.wav,31.69179245946109,0.9237769842147827,0.5978467464447021,1.0,0.15334584667781354,0.015538377889318396,0.9594278335571289,0.893824577331543,0.0,0.00033824490318282396
M001_R1_E2_M2_BI.wav,22.977791383576434,0.9206415414810181,0.5717703700065613,1.0,0.18028254576544425,0.012554111797694214,0.945057213306427,0.7379981875419617,0.0,0.004513800104164051
M001_R1_E2_M2_BJ.wav,25.60508023450388,0.935422956943512,0.5785343050956726,1.0,0.16355746986279002,0.015479863193366228,0.9384214878082275,0.7173861861228943,1.0,6.583477017913307e-05
M001_R1_E2_M2_BK.wav,21.265149949041806,0.9243324995040894,0.5166590213775635,1.0,0.1910577038573559,0.11919233470672415,0.9451009035110474,0.674761950969696,1.0,5.315837732242376e-05
M001_R1_E2_M2_BL.wav,24.854978441121833,0.9263792037963867,0.5646672248840332,1.0,0.17346860822093585,0.028464068245588593,0.9393703937530518,0.8066427111625671,0.0,0.0020778188881696294
M001_R1_E2_M2_BM.wav,25.703004347591417,0.9320827722549438,0.4676761031150818,1.0,0.18738400303895503,0.0728530787431994,0.9503612518310547,0.7042868137359619,0.0,0.00068804752435009
M001_R1_E2_M2_BN.wav,29.52263714477847,0.920620858669281,0.5810427665710449,0.0,0.2068361584072877,0.08301953548973218,0.9261564016342163,0.7317118644714355,0.0,0.013879757370118269
M001_R1_E2_M2_BO.wav,20.039945307452612,0.9238420724868774,0.5625940561294556,1.0,0.3443122697689479,0.1488232509805222,0.9358213543891907,0.7548367977142334,1.0,0.00033671531152419367
M001_R1_E2_M2_BP.wav,26.10331631957484,0.933104395866394,0.5220226645469666,1.0,0.3117014598633924,0.016590292592368525,0.9417059421539307,0.7819436192512512,1.0,0.0009248127275717853
M001_R1_E2_M2_BQ.wav,23.603910655782325,0.9129573702812195,0.6128306984901428,1.0,0.13623702350084096,0.24287551003170385,0.9139812588691711,0.6165302395820618,1.0,0.00012179357219461298
M001_R1_E2_M2_BR.wav,26.00947278152102,0.9151458740234375,0.6287811994552612,1.0,0.17580374044380578,0.03713808501605157,0.9091981649398804,0.6894371509552002,1.0,0.0025154007540130795
M001_R1_E2_M2_BS.wav,22.093674009805003,0.9095007181167603,0.653122067451477,1.0,0.12151125440264268,0.16428112041426837,0.9087626338005066,0.7046430706977844,1.0,0.004976243392288417
M001_R1_E2_M2_BT.wav,23.38284180886634,0.933393120765686,0.5942844152450562,1.0,0.2579508804553384,0.01111413567203535,0.9542965888977051,0.8015729784965515,1.0,4.352053063865525e-05
M001_R1_E2_M2_BU.wav,26.768640250565177,0.9345467686653137,0.6380459070205688,1.0,0.11090078016766763,0.10435204669618764,0.9176017045974731,0.6138811111450195,1.0,0.001334021835905461
M001_R1_E2_M2_BV.wav,24.365669494318553,0.8898395299911499,0.4924143850803375,1.0,0.17578284187443627,0.2571696238070046,0.9179250001907349,0.6156823039054871,1.0,0.0003944985972014836
M001_R1_E2_M2_BW.wav,20.617973286174692,0.9089518189430237,0.5481687784194946,1.0,0.17477641915729214,0.0195072814439132,0.9443849325180054,0.7269162535667419,1.0,0.012856091225837713
M001_R1_E2_M2_BX.wav,20.100821344481112,0.9298123121261597,0.6549464464187622,1.0,0.16389006017853666,0.01667708766306824,0.9474837183952332,0.809465765953064,1.0,6.155078115944048e-05
M002_R1_E2_M2_AA.wav,20.81626907902562,0.924447238445282,0.36193472146987915,3.0,0.16046801838434424,0.12794215326844688,0.9588622450828552,0.7059624791145325,3.0,3.14829285438875e-05
M002_R1_E2_M2_AB.wav,22.302295368418555,0.9397320747375488,0.463685005903244,1.0,0.18793723656124806,0.09079287061474567,0.9571794271469116,0.7798348069190979,0.0,4.4719148726605796e-05
M002_R1_E2_M2_AC.wav,24.191175438939084,0.9294571876525879,0.39830416440963745,2.0,0.15954231380718176,0.4973840346285166,0.9423478841781616,0.7227014303207397,0.0,0.00060970143294103
M002_R1_E2_M2_AD.wav,23.837937494086173,0.9328929781913757,0.39920204877853394,2.0,0.2439239892982347,0.052720555806296615,0.9496080875396729,0.686553418636322,1.0,0.0002896605494781264
M002_R1_E2_M2_AE.wav,22.085489692141717,0.9490295648574829,0.4451148211956024,1.0,0.12827105977873884,0.018723613764108804,0.959213137626648,0.6890577077865601,1.0,2.9612795460864364e-05
M002_R1_E2_M2_AF.wav,23.26638945495751,0.925895094871521,0.33949142694473267,1.0,0.19007271957568556,0.2435490695230718,0.9518585205078125,0.7692445516586304,3.0,0.0019174893176187513
M002_R1_E2_M2_AG.wav,23.304345244742827,0.9353571534156799,0.44881415367126465,3.0,0.13837691410373917,0.18178744897441323,0.9249967336654663,0.6548134088516235,1.0,1.3930268823290085e-05
M002_R1_E2_M2_AH.wav,26.420368975599253,0.9304795265197754,0.5088069438934326,0.0,0.17370497584652947,0.157360187188869,0.946382999420166,0.7993677854537964,1.0,0.00012491383125967035
M002_R1_E2_M2_AI.wav,24.06929617790552,0.9212337732315063,0.3786261975765228,1.0,0.1604277247231822,0.14127191182766877,0.9424201846122742,0.7500150203704834,1.0,0.0069252890899489045
M002_R1_E2_M2_AJ.wav,25.138394818009065,0.9449374079704285,0.21176797151565552,1.0,0.21450193184788952,0.011272510236147698,0.9704101085662842,0.7605278491973877,0.0,0.09212621345560014
M002_R1_E2_M2_AK.wav,26.966216083604788,0.9259399175643921,0.3423854112625122,1.0,0.18078670066784247,0.0963203147581393,0.9389880299568176,0.7719435691833496,1.0,0.0010386450770251852
M002_R1_E2_M2_AL.wav,20.999089304651925,0.9288806915283203,0.4466186463832855,3.0,0.1333651847477268,0.12376570270701301,0.9579828977584839,0.7526751756668091,3.0,0.0003236613466469041
M002_R1_E2_M2_AM.wav,24.432429786736495,0.9294759035110474,0.47438371181488037,1.0,0.17651932396182696,0.3683205012577455,0.9412318468093872,0.7506401538848877,1.0,0.018533935944544038
M002_R1_E2_M2_AN.wav,21.960879537326104,0.9344402551651001,0.4321659207344055,1.0,0.10504592065582981,0.03879770527207829,0.9586721658706665,0.7621258497238159,0.0,0.004651821096057646
M002_R1_E2_M2_AO.wav,27.215216293244914,0.9238048791885376,0.35662102699279785,1.0,0.2032473226910254,0.07622199652927714,0.956078290939331,0.7141872048377991,2.0,0.0012693999987687824
M002_R1_E2_M2_AP.wav,23.84638470134278,0.9319338798522949,0.4460175633430481,1.0,0.23169956606428754,0.04977325807711084,0.9639110565185547,0.7794005870819092,1.0,0.006501924603440024
M002_R1_E2_M2_AQ.wav,27.54432650143167,0.9126851558685303,0.31870388984680176,0.0,0.10525852097848887,0.10764668320146674,0.9482933878898621,0.7867061495780945,0.0,0.001831272649419988
M002_R1_E2_M2_AR.wav,25.618056345526263,0.9148901700973511,0.287840873003006,1.0,0.21274712453067357,0.25826803175844354,0.938002347946167,0.704369843006134,1.0,0.044554766551934015
M002_R1_E2_M2_AS.wav,26.932329319223587,0.9153072237968445,0.41358068585395813,4.0,0.13795485344372668,0.07541893928346195,0.9440242052078247,0.7367838025093079,1.0,0.000337598258889096
M002_R1_E2_M2_AT.wav,23.623870652752448,0.9171367883682251,0.35716989636421204,0.3333333333333333,0.11858708254316239,0.026499899885783447,0.9513097405433655,0.7157383561134338,0.0,0.003940858240518923
M002_R1_E2_M2_AU.wav,24.78242009787901,0.9047716856002808,0.3199564814567566,2.0,0.13627558060225936,0.04382984538776537,0.940428614616394,0.7916892766952515,1.0,0.00019819678186919714
M002_R1_E2_M2_AV.wav,26.179476409936434,0.9310933351516724,0.3684244155883789,1.0,0.15225081259113285,0.2815302594812544,0.9450838565826416,0.6929378509521484,1.0,0.028810148110309502
M002_R1_E2_M2_AW.wav,22.174223460473346,0.9389568567276001,0.41255682706832886,1.0,0.11774963754325425,0.12515732541765204,0.9387484192848206,0.6788842678070068,2.0,0.002837779886061779
M002_R1_E2_M2_AX.wav,20.965401868824774,0.9394729137420654,0.5952631235122681,0.0,0.24317352675075957,0.06757592081513797,0.9637861251831055,0.8132531642913818,0.0,1.6361021048065334e-05
M002_R1_E2_M2_AY.wav,27.069109782986125,0.9400759339332581,0.43792614340782166,1.0,0.20218972810182087,0.4317426208638389,0.9285171031951904,0.703156054019928,1.0,1.1646825193155982e-05
M002_R1_E2_M2_AZ.wav,26.214098752207892,0.9261572360992432,0.47930583357810974,1.0,0.10966648204470328,0.12574144602377652,0.9540948867797852,0.7408727407455444,1.0,3.030629309946283e-05
M002_R1_E2_M2_BA.wav,23.626163339314495,0.9306103587150574,0.40044093132019043,1.0,0.08484565179163646,0.07641225256621216,0.9483839273452759,0.6746610403060913,0.0,2.0711235860561637e-05
M002_R1_E2_M2_BB.wav,20.689979734950818,0.92562335729599,0.3223276734352112,1.0,0.11364416899164044,0.11990639000926588,0.9545283317565918,0.6785532832145691,1.0,8.686521223204743e-06
M002_R1_E2_M2_BC.wav,21.789889358520462,0.9197638630867004,0.5522875785827637,1.0,0.07426230482132093,0.16752338970368993,0.9391564130783081,0.6730446219444275,1.0,0.0007836211852049871
M002_R1_E2_M2_BD.wav,24.02473542776178,0.9223013520240784,0.48568254709243774,1.0,0.23665497309157066,0.14614354950554376,0.9485302567481995,0.7191895246505737,0.0,8.506706108421286e-05
M002_R1_E2_M2_BE.wav,26.411661343819365,0.9346717596054077,0.29933372139930725,1.0,0.21499193119761145,0.07753252304367811,0.9542487859725952,0.6626819372177124,1.0,0.00024708320245315466
M002_R1_E2_M2_BF.wav,23.636444161982787,0.9299116134643555,0.4615614712238312,1.0,0.18830897477565492,0.016013179127416816,0.9501923322677612,0.7523024082183838,1.0,0.0019221417121808035
M002_R1_E2_M2_BG.wav,21.617696573694914,0.931588888168335,0.5737600326538086,1.0,0.0867945901291281,0.04373026854634856,0.9533024430274963,0.7738035321235657,1.0,0.004366295346233413
M002_R1_E2_M2_BH.wav,30.999618187318728,0.9276882410049438,0.40801703929901123,1.0,0.15831345637113853,0.042282614632238084,0.9550215005874634,0.7228827476501465,1.0,0.0013518626241442705
M002_R1_E2_M2_BI.wav,23.171756846605344,0.926914632320404,0.37980473041534424,1.0,0.14614296015455486,0.010380329392011759,0.950562059879303,0.735167384147644,1.0,5.450137911424083e-05
M002_R1_E2_M2_BJ.wav,23.18565878457188,0.9241450428962708,0.37319761514663696,5.0,0.11739101800223314,0.13283602624176788,0.9332171678543091,0.5873464345932007,0.0,0.0010222435483003554
M002_R1_E2_M2_BK.wav,19.15808739596124,0.929723858833313,0.4010137617588043,1.0,0.15053161454031325,0.2871164114703445,0.9413533210754395,0.65261310338974,0.0,4.9504680105492796e-05
M002_R1_E2_M2_BL.wav,20.20466361955818,0.9287341833114624,0.44536611437797546,1.0,0.11967780442599224,0.25457727148329823,0.9395281672477722,0.6967666745185852,0.0,0.00010797354323403088
M002_R1_E2_M2_BM.wav,25.40706157332254,0.9335876703262329,0.4262639284133911,1.0,0.10427841544524613,0.1818802275953298,0.9486665725708008,0.7213828563690186,0.0,0.03205368562428697
M002_R1_E2_M2_BN.wav,25.13582643139146,0.9255759716033936,0.470711886882782,1.0,0.121928180830677,0.5043406655340981,0.9332150816917419,0.7279905080795288,0.0,0.004203324758582367
M002_R1_E2_M2_BO.wav,22.161243593788363,0.9210522770881653,0.33689868450164795,1.0,0.13058502065755803,0.5323111975503846,0.9335068464279175,0.6398615837097168,1.0,0.0014798144395295264
M002_R1_E2_M2_BP.wav,22.7037908443626,0.9344016313552856,0.37159931659698486,1.0,0.10374534285467488,0.05684427140051453,0.9442594051361084,0.6439614295959473,1.0,8.73360305704595e-06
M002_R1_E2_M2_BQ.wav,22.05901419891818,0.9388015866279602,0.6079716682434082,1.0,0.2118304410008933,0.42841287782399,0.9338099956512451,0.6999136209487915,1.0,1.0787197722872389e-05
M002_R1_E2_M2_BR.wav,26.033567141913394,0.9311185479164124,0.5521661043167114,0.0,0.13114917355420996,0.2350130095689713,0.9381884932518005,0.6638615131378174,0.0,3.923184932114964e-05
M002_R1_E2_M2_BS.wav,19.9696495315833,0.9143511056900024,0.49064263701438904,1.0,0.12336923824884795,0.8461668962051683,0.9390029907226562,0.7581109404563904,1.0,6.168599113928131e-05
M002_R1_E2_M2_BT.wav,22.488035728933163,0.9393534660339355,0.38984906673431396,1.0,0.20530250536603215,0.05229505844612058,0.9482634663581848,0.7540063858032227,0.0,3.865419545504693e-05
M002_R1_E2_M2_BU.wav,26.00009675966114,0.9241328239440918,0.4490414559841156,1.0,0.15928980993687586,0.24237126300637257,0.9342644810676575,0.7440752983093262,1.0,0.0013256130799658061
M002_R1_E2_M2_BV.wav,23.30728081769531,0.9206187129020691,0.4600646495819092,1.0,0.15789858260349052,1.0509092615116689,0.9227352738380432,0.6313232183456421,1.0,1.0524064318866727e-05
M002_R1_E2_M2_BW.wav,23.141905978822308,0.9190690517425537,0.37828245759010315,0.0,0.147773019537373,0.02055403150443711,0.9342113733291626,0.7339757680892944,0.0,0.00037005369695688886
M002_R1_E2_M2_BX.wav,19.414199565005184,0.9319275617599487,0.4730485677719116,1.0,0.10360696021103574,0.026518442130999558,0.9282282590866089,0.7178047895431519,0.0,0.0018657125951977067
M003_R1_E2_M2_AA.wav,22.627714034571678,0.9391140341758728,0.46653005480766296,0.0,0.15965810178172327,0.11241288225206267,0.9287350177764893,0.7570278644561768,0.0,0.0003614006795508314
M003_R1_E2_M2_AB.wav,22.657926382181845,0.9466909170150757,0.6008416414260864,1.0,0.214989312937079,0.4776790452707603,0.9384876489639282,0.628779411315918,1.0,0.001035190595473637
M003_R1_E2_M2_AC.wav,25.562122659895586,0.9370294809341431,0.444138765335083,2.0,0.2170205248231496,0.958644715274663,0.9265609979629517,0.5976652503013611,2.0,5.0914599202682746e-05
M003_R1_E2_M2_AD.wav,25.044921410426063,0.9380147457122803,0.5879635214805603,3.0,0.17814253352834147,0.055881837132161216,0.9258440136909485,0.6493040919303894,1.0,0.0002251390634349519
M003_R1_E2_M2_AE.wav,22.121436498924634,0.9528388381004333,0.48461297154426575,1.0,0.16450034574541833,0.026986341956410396,0.9535537958145142,0.5962924957275391,1.0,6.456141875169461e-05
M003_R1_E2_M2_AF.wav,23.34193525943557,0.9391573667526245,0.5124151706695557,1.0,0.14613718303613257,0.3875963108265206,0.9317183494567871,0.699048638343811,1.0,0.00017235433659233316
M003_R1_E2_M2_AG.wav,27.571218488573244,0.9315657615661621,0.44393646717071533,1.0,0.1326224791394574,0.6855630944218917,0.9067614078521729,0.548488974571228,1.0,0.0006155375104004081
M003_R1_E2_M2_AH.wav,23.669121344207447,0.9313184022903442,0.4881187677383423,1.0,0.3025620524104957,0.33540508769092187,0.933197021484375,0.600390613079071,1.0,0.0009476399076652996
M003_R1_E2_M2_AI.wav,23.371331424679077,0.9399604797363281,0.4445171356201172,1.0,0.1752482545723016,0.31284604451149256,0.9357619285583496,0.7436822652816772,1.0,0.005568917457178406
M003_R1_E2_M2_AJ.wav,23.42207505429761,0.9533547163009644,0.5397841930389404,1.0,0.2827760301463674,0.016737047202470566,0.9449400901794434,0.6707916259765625,1.0,4.4773072527650396e-05
M003_R1_E2_M2_AK.wav,24.142206389343748,0.9147469997406006,0.3512718081474304,1.0,0.2561994636492021,0.624782627333811,0.9357123970985413,0.6183533668518066,1.0,0.00814583669984497
M003_R1_E2_M2_AL.wav,23.43046515236189,0.9399043917655945,0.5642889738082886,0.0,0.21268239479360626,0.2831288998555182,0.9281948804855347,0.6415011882781982,0.0,0.002691954420830063
M003_R1_E2_M2_AM.wav,23.865052463222316,0.9358742833137512,0.3868711292743683,1.0,0.16714091489043725,1.0355835124794777,0.9188940525054932,0.6424133777618408,1.0,2.0978070549272077e-05
M003_R1_E2_M2_AN.wav,21.21726614879879,0.9380871057510376,0.42727962136268616,1.0,0.22338984036968124,0.2272038356222345,0.9376095533370972,0.6316715478897095,1.0,0.1042589564802409
M003_R1_E2_M2_AO.wav,25.490765330701393,0.9353712201118469,0.47679245471954346,1.0,0.18462409162512633,0.03219650382495508,0.9319042563438416,0.6048489809036255,1.0,0.038913981842793516
M003_R1_E2_M2_AP.wav,24.432660517502764,0.9439419507980347,0.459963858127594,1.0,0.182337289017772,0.29320305693644017,0.9542847275733948,0.692221999168396,2.0,0.00041761092047027526
M003_R1_E2_M2_AQ.wav,28.34701751786709,0.9280471801757812,0.4788129925727844,1.0,0.3764113377898077,0.677962054688634,0.9195050001144409,0.5576852560043335,0.0,0.01479768964853757
M003_R1_E2_M2_AR.wav,23.412831016774547,0.9297477602958679,0.468586266040802,0.3333333333333333,0.18681100879973817,0.6816608039034991,0.9171284437179565,0.5129902362823486,0.0,0.0012555290002919145
M003_R1_E2_M2_AS.wav,24.03471516985863,0.9462180137634277,0.5029871463775635,2.0,0.21107232823183678,0.4328542021263647,0.9234185814857483,0.6019580960273743,1.0,0.0007702914144294232
M003_R1_E2_M2_AT.wav,25.016669892424154,0.944965124130249,0.6562658548355103,2.0,0.23249334454528647,0.07699501934302962,0.9307636022567749,0.6369751691818237,2.0,0.004627082039979503
M003_R1_E2_M2_AU.wav,24.364536630900027,0.9226531386375427,0.37459075450897217,1.0,0.17991387110375442,0.25870007103467485,0.9345648288726807,0.6164847612380981,1.0,0.002562723252795056
M003_R1_E2_M2_AV.wav,25.34423664813124,0.9440162181854248,0.4548667073249817,1.0,0.16498733825823592,0.47781175937178794,0.9298977851867676,0.6054651737213135,3.0,1.7157086722128538e-05
M003_R1_E2_M2_AW.wav,23.190147653635687,0.9461755752563477,0.4734669327735901,3.0,0.23126775348010278,0.29924428952486853,0.9288471937179565,0.6560957431793213,2.0,0.09187566060109698
M003_R1_E2_M2_AX.wav,21.849099481283595,0.9520679116249084,0.5868622064590454,1.0,0.19836628851143887,0.16278578930113274,0.9364917874336243,0.7006685733795166,1.0,4.3021986573414814e-05
M003_R1_E2_M2_AY.wav,28.33671142944967,0.9273301362991333,0.48055708408355713,2.0,0.2802022980282329,1.0759099879098246,0.8972991704940796,0.5380100011825562,1.0,0.01311696146450908
M003_R1_E2_M2_AZ.wav,20.489187091931733,0.9503462910652161,0.5920265316963196,1.0,0.16882103010330762,0.07110613836369381,0.9400275945663452,0.7617963552474976,1.0,0.004604638148547056
M003_R1_E2_M2_BA.wav,20.093104982288118,0.9341455698013306,0.5251718759536743,1.0,0.1614858075133438,0.28674426415213505,0.9167048931121826,0.6378441452980042,0.0,3.716881017260766e-05
M003_R1_E2_M2_BB.wav,18.74096356555916,0.9477895498275757,0.4845377504825592,1.0,0.16223461285869054,0.1769680240563273,0.9243227243423462,0.6451568603515625,1.0,0.0002657729494818621
M003_R1_E2_M2_BC.wav,18.121474409833727,0.9418196082115173,0.5067763924598694,1.0,0.09074401742624956,0.06686803597160858,0.9574069976806641,0.7642557621002197,1.0,0.0002357258496363086
M003_R1_E2_M2_BD.wav,20.9875271400444,0.9461977481842041,0.48769205808639526,1.0,0.18138701560125609,0.5592258369753276,0.9346669912338257,0.6588843464851379,1.0,0.0015253462202050442
M003_R1_E2_M2_BE.wav,21.68356579503669,0.930762529373169,0.502554178237915,1.0,0.3118845261711759,0.1520189460294878,0.9232488870620728,0.6981551051139832,1.0,8.279247075244719e-06
M003_R1_E2_M2_BF.wav,18.865632899876022,0.9455446004867554,0.4720447063446045,1.0,0.1763576515163578,0.03266035540476632,0.943749189376831,0.7585873603820801,1.0,0.00021056024978942554
M003_R1_E2_M2_BG.wav,19.229451324294292,0.95066237449646,0.5094647407531738,0.0,0.16719657789312453,0.07929557260339382,0.9403412938117981,0.6494978666305542,0.0,0.0011081965918696255
M003_R1_E2_M2_BH.wav,26.593743758515608,0.9264156222343445,0.49388039112091064,0.0,0.21688850288998945,0.06046374791076158,0.9444316625595093,0.8014838695526123,1.0,2.3023319363869127e-05
M003_R1_E2_M2_BI.wav,18.66445624045443,0.9352430105209351,0.5467886924743652,1.0,0.15449105817148995,0.022625425139707132,0.9389179944992065,0.7882446050643921,0.0,0.0001265545991999318
M003_R1_E2_M2_BJ.wav,21.502793227235603,0.9355693459510803,0.5100531578063965,1.0,0.16391545592136617,0.19027109133902598,0.9344763159751892,0.584058940410614,0.0,9.114048905385656e-06
M003_R1_E2_M2_BK.wav,18.062083856240484,0.9349319934844971,0.38991522789001465,1.0,0.19019539132394606,0.511414472007529,0.938605546951294,0.716660737991333,0.0,0.03023469599399449
M003_R1_E2_M2_BL.wav,20.1740723069141,0.9291037321090698,0.49951401352882385,1.0,0.18391879610589937,0.37626260781032644,0.9426193237304688,0.6269959211349487,0.0,8.990343287102612e-05
M003_R1_E2_M2_BM.wav,24.67678686979646,0.9396543502807617,0.5017393231391907,1.0,0.19029231570698946,0.5745592122341581,0.9397197365760803,0.6581428050994873,0.0,0.001703713113102572
M003_R1_E2_M2_BN.wav,25.22559485711389,0.9295223951339722,0.49668851494789124,1.0,0.1289228124063818,0.8918406784504384,0.9178012609481812,0.591846227645874,1.0,7.4262301996296395e-06
M003_R1_E2_M2_BO.wav,19.07185302197604,0.9470237493515015,0.42796027660369873,1.0,0.3818289809225278,0.7783119631197083,0.9143857955932617,0.6448326706886292,1.0,0.005715784801190918
M003_R1_E2_M2_BP.wav,20.36960171258141,0.9425606727600098,0.5137832164764404,1.0,0.14620687403450472,0.029496766860910104,0.9259786605834961,0.6400765180587769,1.0,1.5533578888266602e-05
M003_R1_E2_M2_BQ.wav,19.588395873027512,0.9208577871322632,0.44987794756889343,1.0,0.26367324489133587,0.9718564737105622,0.9096441268920898,0.711384117603302,1.0,0.0013560611409296586
M003_R1_E2_M2_BR.wav,23.78025639567193,0.9403269290924072,0.4292387366294861,0.0,0.1919231216271361,0.6019308579194129,0.9217456579208374,0.7300659418106079,0.0,0.04412903556721769
M003_R1_E2_M2_BS.wav,18.970015070062495,0.9320626854896545,0.41380882263183594,1.0,0.12418300558284734,1.2496878454551774,0.9259945750236511,0.6434053182601929,0.0,0.0024251675874576444
M003_R1_E2_M2_BT.wav,22.019351269660824,0.9199517965316772,0.4904470443725586,1.0,0.21601201897026642,0.042623431082451056,0.9485406875610352,0.7795061469078064,1.0,1.5393828788602177e-05
M003_R1_E2_M2_BU.wav,22.226733714252756,0.9239839911460876,0.3385763168334961,1.0,0.2660251382362526,0.9399418236047395,0.940847635269165,0.7095378637313843,0.0,0.005797499267526934
M003_R1_E2_M2_BV.wav,20.65380787480959,0.916917085647583,0.4994078278541565,1.0,0.1363306208950796,0.8283088933611081,0.9403293132781982,0.6653745174407959,1.0,5.7241624977900005e-06
M003_R1_E2_M2_BW.wav,19.779389474407918,0.9425103664398193,0.5850357413291931,0.0,0.19137950677612503,0.06698842179966462,0.9253800511360168,0.721198320388794,1.0,0.00010718942414248157
M003_R1_E2_M2_BX.wav,18.217833211038364,0.9431635141372681,0.5234091281890869,1.0,0.2021791093727984,0.05902511643945379,0.9378304481506348,0.6667212843894958,1.0,0.00013764462278060592
